step,wallclock_time,tokens_processed,lr,train_loss,val_loss,val_perplexity
20,2.0986668039113283,655360,2e-05,9.020812034606934,,
40,4.191540939733386,1310720,4e-05,8.331778526306152,,
60,6.277700778096914,1966080,6e-05,7.526791095733643,,
80,8.357540352270007,2621440,8e-05,6.5870866775512695,,
100,10.438054710626602,3276800,0.0001,5.712190628051758,,
120,12.515474764630198,3932160,9.999909370328079e-05,5.0448384284973145,,
140,14.57233083434403,4587520,9.999637484962868e-05,4.556745529174805,,
160,16.62981046177447,5242880,9.999184354855867e-05,4.306110382080078,,
180,18.6932444088161,5898240,9.998549998259092e-05,4.094932556152344,,
200,20.75004699267447,6553600,9.997734440724333e-05,3.839076519012451,,
200,21.054420543834567,6553600,9.997734440724333e-05,,3.8721364974975585,48.04492436609882
220,23.110248239710927,7208960,9.996737715102132e-05,3.7697176933288574,,
240,25.167039327323437,7864320,9.995559861540448e-05,3.6333415508270264,,
260,27.2252344712615,8519680,9.994200927483052e-05,3.580350637435913,,
280,29.278657879680395,9175040,9.99266096766761e-05,3.4729952812194824,,
300,31.335460163652897,9830400,9.99094004412348e-05,3.380207061767578,,
320,33.39004095830023,10485760,9.989038226169209e-05,3.310943603515625,,
340,35.44857279770076,11141120,9.98695559040975e-05,3.2919535636901855,,
360,37.50914237834513,11796480,9.984692220733363e-05,3.2238526344299316,,
380,39.5686160326004,12451840,9.982248208308253e-05,3.2016637325286865,,
400,41.62468245998025,13107200,9.979623651578881e-05,3.1882219314575195,,
400,41.92811765708029,13107200,9.979623651578881e-05,,3.133697986602783,22.95872380734536
420,43.982928693294525,13762560,9.976818656262011e-05,3.0630481243133545,,
440,46.03800062648952,14417920,9.973833335342447e-05,3.1123273372650146,,
460,48.09402227960527,15073280,9.970667809068476e-05,3.152026891708374,,
480,50.14922109991312,15728640,9.96732220494704e-05,3.01118540763855,,
500,52.20890901423991,16384000,9.963796657738579e-05,2.9937047958374023,,
520,54.26376570574939,17039360,9.960091309451627e-05,2.846102237701416,,
540,56.31928979605436,17694720,9.956206309337068e-05,2.983640670776367,,
560,58.37469086237252,18350080,9.952141813882142e-05,2.928403377532959,,
580,60.4324751123786,19005440,9.94789798680413e-05,2.932711601257324,,
600,62.48762671649456,19660800,9.943474999043775e-05,2.827357292175293,,
600,62.79007628001273,19660800,9.943474999043775e-05,,2.8597573041915894,17.45728961139536
620,64.84996346011758,20316160,9.938873028758373e-05,2.855532169342041,,
640,66.9069072585553,20971520,9.93409226131462e-05,2.7953717708587646,,
660,68.96108100004494,21626880,9.929132889281127e-05,2.7561328411102295,,
680,71.01502765156329,22282240,9.92399511242068e-05,2.823822021484375,,
700,73.06933069229126,22937600,9.91867913768218e-05,2.762539863586426,,
720,75.1236497592181,23592960,9.913185179192317e-05,2.718864917755127,,
740,77.1768413092941,24248320,9.907513458246934e-05,2.7515788078308105,,
760,79.2292998880148,24903680,9.901664203302126e-05,2.6913702487945557,,
780,81.28363980725408,25559040,9.895637649965028e-05,2.728975772857666,,
800,83.3388481233269,26214400,9.889434040984333e-05,2.6693294048309326,,
800,83.6435942966491,26214400,9.889434040984333e-05,,2.693754029273987,14.787082997928476
820,85.69834583625197,26869760,9.883053626240502e-05,2.618785858154297,,
840,87.75128812529147,27525120,9.876496662735711e-05,2.6580209732055664,,
860,89.80396618507802,28180480,9.869763414583497e-05,2.6300911903381348,,
880,91.85783082060516,28835840,9.86285415299811e-05,2.623589038848877,,
900,93.91518340818584,29491200,9.855769156283603e-05,2.69158935546875,,
920,95.9712981339544,30146560,9.848508709822608e-05,2.6177725791931152,,
940,98.02479754760861,30801920,9.841073106064852e-05,2.628201961517334,,
960,100.08769175037742,31457280,9.833462644515367e-05,2.5542430877685547,,
980,102.14188034459949,32112640,9.825677631722436e-05,2.5182437896728516,,
1000,104.19546875171363,32768000,9.817718381265239e-05,2.589582920074463,,
1000,104.49841468036175,32768000,9.817718381265239e-05,,2.564236116409302,12.990731172168136
1020,106.55086433328688,33423360,9.809585213741224e-05,2.5750770568847656,,
1040,108.60679526440799,34078720,9.801278456753194e-05,2.6308884620666504,,
1060,110.66189598292112,34734080,9.792798444896107e-05,2.631650447845459,,
1080,112.71509556099772,35389440,9.784145519743607e-05,2.5258469581604004,,
1100,114.77336399257183,36044800,9.775320029834254e-05,2.494786024093628,,
1120,116.82671638019383,36700160,9.766322330657499e-05,2.5623607635498047,,
1140,118.88029787316918,37355520,9.757152784639347e-05,2.466026544570923,,
1160,120.93373650498688,38010880,9.74781176112778e-05,2.528151512145996,,
1180,122.98965650051832,38666240,9.738299636377862e-05,2.505336284637451,,
1200,125.043540911749,39321600,9.728616793536588e-05,2.518104076385498,,
1200,125.34595569595695,39321600,9.728616793536588e-05,,2.4702525615692137,11.825433124468159
1220,127.40051165223122,39976960,9.718763622627459e-05,2.4943857192993164,,
1240,129.45313634350896,40632320,9.70874052053476e-05,2.3942413330078125,,
1260,131.50712713971734,41287680,9.698547890987583e-05,2.481001377105713,,
1280,133.5630614552647,41943040,9.68818614454356e-05,2.490644693374634,,
1300,135.61736695095897,42598400,9.677655698572327e-05,2.45175838470459,,
1320,137.67233988642693,43253760,9.666956977238711e-05,2.4641294479370117,,
1340,139.72730597294867,43909120,9.65609041148565e-05,2.418602228164673,,
1360,141.78078748844564,44564480,9.645056439016825e-05,2.474202871322632,,
1380,143.8360646609217,45219840,9.633855504279041e-05,2.4628615379333496,,
1400,145.88952638022602,45875200,9.622488058444312e-05,2.3906617164611816,,
1400,146.19184623286128,45875200,9.622488058444312e-05,,2.4169102907180786,11.211166501925582
1420,148.24522653594613,46530560,9.610954559391703e-05,2.342268466949463,,
1440,150.30421918071806,47185920,9.599255471688873e-05,2.4096617698669434,,
1460,152.36045789159834,47841280,9.587391266573367e-05,2.400477409362793,,
1480,154.4242165852338,48496640,9.575362421933639e-05,2.375649929046631,,
1500,156.48548382893205,49152000,9.563169422289797e-05,2.36820650100708,,
1520,158.54809636808932,49807360,9.550812758774086e-05,2.383333683013916,,
1540,160.61577028408647,50462720,9.538292929111113e-05,2.3458313941955566,,
1560,162.67884256131947,51118080,9.525610437597792e-05,2.3833141326904297,,
1580,164.73926139436662,51773440,9.51276579508303e-05,2.3580572605133057,,
1600,166.80041925609112,52428800,9.499759518947156e-05,2.2870497703552246,,
1600,167.10565950721502,52428800,9.499759518947156e-05,,2.3651683807373045,10.645831219512749
1620,169.16641780361533,53084160,9.486592133081076e-05,2.3178727626800537,,
1640,171.2262805979699,53739520,9.473264167865172e-05,2.326451063156128,,
1660,173.2882403600961,54394880,9.459776160147941e-05,2.364370346069336,,
1680,175.35073843225837,55050240,9.446128653224364e-05,2.3049185276031494,,
1700,177.41172248870134,55705600,9.432322196814033e-05,2.3601112365722656,,
1720,179.47651680372655,56360960,9.418357347038998e-05,2.2816250324249268,,
1740,181.5425991360098,57016320,9.404234666401372e-05,2.2773194313049316,,
1760,183.60379036329687,57671680,9.389954723760671e-05,2.3644866943359375,,
1780,185.66675477288663,58327040,9.375518094310903e-05,2.328280448913574,,
1800,187.72847874090075,58982400,9.360925359557397e-05,2.3429064750671387,,
1800,188.03402124904096,58982400,9.360925359557397e-05,,2.2862040996551514,9.837524455186054
1820,190.09612942300737,59637760,9.346177107293382e-05,2.286100387573242,,
1840,192.15656096115708,60293120,9.331273931576306e-05,2.2331061363220215,,
1860,194.2167106922716,60948480,9.316216432703917e-05,2.2636971473693848,,
1880,196.27710589952767,61603840,9.301005217190073e-05,2.3138325214385986,,
1900,198.33766116574407,62259200,9.285640897740315e-05,2.2997522354125977,,
1920,200.39825457334518,62914560,9.270124093227193e-05,2.3073596954345703,,
1940,202.4588621929288,63569920,9.254455428665329e-05,2.2779366970062256,,
1960,204.51985419169068,64225280,9.238635535186246e-05,2.279448986053467,,
1980,206.58227021247149,64880640,9.222665050012948e-05,2.2646396160125732,,
2000,208.64301266521215,65536000,9.206544616434248e-05,2.2571768760681152,,
2000,208.94797400012612,65536000,9.206544616434248e-05,,2.23615984916687,9.357328650495083
2020,211.0089367441833,66191360,9.190274883778861e-05,2.2559642791748047,,
2040,213.07111037150025,66846720,9.173856507389244e-05,2.1945858001708984,,
2060,215.13400544039905,67502080,9.157290148595206e-05,2.247715473175049,,
2080,217.1956535242498,68157440,9.140576474687264e-05,2.164073944091797,,
2100,219.25615290366113,68812800,9.123716158889764e-05,2.2137956619262695,,
2120,221.3166788443923,69468160,9.106709880333769e-05,2.206616163253784,,
2140,223.3777412213385,70123520,9.089558324029699e-05,2.175957202911377,,
2160,225.439027659595,70778880,9.072262180839743e-05,2.2487058639526367,,
2180,227.49985302239656,71434240,9.054822147450023e-05,2.178102970123291,,
2200,229.5628094356507,72089600,9.037238926342544e-05,2.191359758377075,,
2200,229.86784444376826,72089600,9.037238926342544e-05,,2.198854613304138,9.014682286788121
2220,231.92830711603165,72744960,9.019513225766887e-05,2.1738839149475098,,
2240,233.99112051352859,73400320,9.001645759711687e-05,2.156975030899048,,
2260,236.05216483399272,74055680,8.983637247875872e-05,2.2452571392059326,,
2280,238.11191894486547,74711040,8.96548841563967e-05,2.1758017539978027,,
2300,240.1733230482787,75366400,8.947199994035401e-05,2.2291018962860107,,
2320,242.2331600766629,76021760,8.928772719718019e-05,2.2280893325805664,,
2340,244.29349223151803,76677120,8.910207334935446e-05,2.1900272369384766,,
2360,246.355523891747,77332480,8.891504587498675e-05,2.120542049407959,,
2380,248.41574509255588,77987840,8.872665230751644e-05,2.1911370754241943,,
2400,250.47739916853607,78643200,8.853690023540897e-05,2.198151111602783,,
2400,250.7824309207499,78643200,8.853690023540897e-05,,2.1735275268554686,8.789233678648474
2420,252.84559784084558,79298560,8.834579730185013e-05,2.142235279083252,,
2440,254.90567990764976,79953920,8.815335120443822e-05,2.1604208946228027,,
2460,256.96592583693564,80609280,8.795956969487399e-05,2.145585536956787,,
2480,259.0265266355127,81264640,8.776446057864839e-05,2.176806688308716,,
2500,261.0867026951164,81920000,8.756803171472816e-05,2.1576309204101562,,
2520,263.1474922671914,82575360,8.73702910152393e-05,2.1810667514801025,,
2540,265.2082524448633,83230720,8.717124644514836e-05,2.131894111633301,,
2560,267.2689647395164,83886080,8.697090602194161e-05,2.1777186393737793,,
2580,269.329622823745,84541440,8.676927781530204e-05,2.1456234455108643,,
2600,271.3950693719089,85196800,8.656636994678447e-05,2.204516649246216,,
2600,271.7007163465023,85196800,8.656636994678447e-05,,2.133778142929077,8.446719515126752
2620,273.76134764030576,85852160,8.636219058948821e-05,2.1631550788879395,,
2640,275.8220426440239,86507520,8.615674796772803e-05,2.056246280670166,,
2660,277.8824891578406,87162880,8.595005035670278e-05,2.1507785320281982,,
2680,279.9437287058681,87818240,8.574210608216205e-05,2.106919288635254,,
2700,282.00558755360544,88473600,8.553292352007096e-05,2.090257167816162,,
2720,284.0693158917129,89128960,8.532251109627256e-05,2.163426637649536,,
2740,286.131061732769,89784320,8.511087728614862e-05,2.127110481262207,,
2760,288.19234794192016,90439680,8.489803061427816e-05,2.117908477783203,,
2780,290.2546829711646,91095040,8.468397965409408e-05,2.1085097789764404,,
2800,292.3156258035451,91750400,8.446873302753783e-05,2.0621554851531982,,
2800,292.6209040917456,91750400,8.446873302753783e-05,,2.1168428659439087,8.304876446426256
2820,294.68285678885877,92405760,8.425229940471217e-05,2.084913730621338,,
2840,296.74440148845315,93061120,8.403468750353185e-05,2.088747501373291,,
2860,298.8053005170077,93716480,8.381590608937251e-05,2.1533799171447754,,
2880,300.8657585326582,94371840,8.359596397471764e-05,2.1357758045196533,,
2900,302.9261965248734,95027200,8.337487001880352e-05,2.0543904304504395,,
2920,304.9868552573025,95682560,8.315263312726247e-05,2.1442458629608154,,
2940,307.04735153727233,96337920,8.292926225176408e-05,2.044250726699829,,
2960,309.10812524333596,96993280,8.270476638965462e-05,2.0751092433929443,,
2980,311.1691003963351,97648640,8.247915458359471e-05,2.098813056945801,,
3000,313.22922660037875,98304000,8.2252435921195e-05,2.107789993286133,,
3000,313.5345036201179,98304000,8.2252435921195e-05,,2.0508059740066527,7.7741643563540235
3020,315.59536255709827,98959360,8.202461953465014e-05,2.0384814739227295,,
3040,317.6562049202621,99614720,8.179571460037095e-05,2.064220905303955,,
3060,319.71733060479164,100270080,8.156573033861484e-05,2.0939269065856934,,
3080,321.76615360565484,100925440,8.133467601311432e-05,2.096194267272949,,
3100,323.8111055325717,101580800,8.110256093070393e-05,2.025242328643799,,
3120,325.85825047269464,102236160,8.086939444094533e-05,2.011484146118164,,
3140,327.90555897168815,102891520,8.063518593575074e-05,2.0052192211151123,,
3160,329.96100518479943,103546880,8.039994484900463e-05,2.071704864501953,,
3180,332.01457771100104,104202240,8.016368065618361e-05,2.0304532051086426,,
3200,334.06726528704166,104857600,7.992640287397496e-05,2.0313355922698975,,
3200,334.3706064131111,104857600,7.992640287397496e-05,,2.0497254729270935,7.765768899841022
3220,336.422548700124,105512960,7.968812105989316e-05,2.0256142616271973,,
3240,338.4799259081483,106168320,7.94488448118949e-05,2.1103310585021973,,
3260,340.5365610085428,106823680,7.920858376799257e-05,2.1118991374969482,,
3280,342.5956813208759,107479040,7.8967347605866e-05,2.0335652828216553,,
3300,344.65460248850286,108134400,7.87251460424726e-05,2.0131335258483887,,
3320,346.711256576702,108789760,7.848198883365607e-05,2.0349771976470947,,
3340,348.7686582710594,109445120,7.82378857737533e-05,2.0442967414855957,,
3360,350.8256963044405,110100480,7.799284669519994e-05,2.0774343013763428,,
3380,352.88122439198196,110755840,7.774688146813433e-05,1.9779796600341797,,
3400,354.93851771205664,111411200,7.75e-05,2.007899284362793,,
3400,355.24133852124214,111411200,7.75e-05,,2.020048451423645,7.538690185085263
3420,357.29685878381133,112066560,7.725221223514646e-05,1.9757940769195557,,
3440,359.351749708876,112721920,7.700352815442876e-05,2.0176751613616943,,
3460,361.40865239314735,113377280,7.675395777480538e-05,1.9165194034576416,,
3480,363.46563046611845,114032640,7.650351114893485e-05,1.9830347299575806,,
3500,365.522359976545,114688000,7.625219836477074e-05,1.9997329711914062,,
3520,367.57962620072067,115343360,7.600002954515531e-05,1.9904056787490845,,
3540,369.6363395322114,115998720,7.57470148474119e-05,2.0194971561431885,,
3560,371.6925543434918,116654080,7.549316446293564e-05,2.043135166168213,,
3580,373.7499060705304,117309440,7.523848861678297e-05,2.087070941925049,,
3600,375.8082209303975,117964800,7.498299756725984e-05,2.0075955390930176,,
3600,376.1118641477078,117964800,7.498299756725984e-05,,1.9847962141036988,7.277564169392139
3620,378.1683116517961,118620160,7.472670160550849e-05,2.068319797515869,,
3640,380.22816071659327,119275520,7.446961105509287e-05,2.005434036254883,,
3660,382.28636955842376,119930880,7.421173627158288e-05,1.984864592552185,,
3680,384.3449250366539,120586240,7.39530876421372e-05,1.9753780364990234,,
3700,386.40539810433984,121241600,7.369367558508489e-05,1.9755839109420776,,
3720,388.4665004722774,121896960,7.343351054950582e-05,2.012086868286133,,
3740,390.5239574369043,122552320,7.317260301480962e-05,1.9709467887878418,,
3760,392.586458561942,123207680,7.291096349031381e-05,1.993715524673462,,
3780,394.646616673097,123863040,7.264860251482025e-05,1.9685384035110474,,
3800,396.7057781610638,124518400,7.23855306561908e-05,1.9504320621490479,,
3800,397.00933727808297,124518400,7.23855306561908e-05,,1.9793360352516174,7.237935655262672
3820,399.07283280044794,125173760,7.212175851092154e-05,2.059936046600342,,
3840,401.1362170986831,125829120,7.185729670371604e-05,1.9936041831970215,,
3860,403.19664068333805,126484480,7.159215588705735e-05,2.01693058013916,,
3880,405.2535386644304,127139840,7.132634674077886e-05,1.9664802551269531,,
3900,407.31102126836777,127795200,7.105987997163423e-05,2.0376124382019043,,
3920,409.3697932381183,128450560,7.079276631286612e-05,1.9912610054016113,,
3940,411.42653750255704,129105920,7.052501652377369e-05,2.0105082988739014,,
3960,413.48338071629405,129761280,7.025664138927943e-05,1.9933727979660034,,
3980,415.54009086452425,130416640,6.998765171949463e-05,2.0177087783813477,,
4000,417.59638617001474,131072000,6.971805834928398e-05,1.9596664905548096,,
4000,417.89899281971157,131072000,6.971805834928398e-05,,1.96777184009552,7.154716861410588
4020,419.95515352860093,131727360,6.944787213782909e-05,1.9667561054229736,,
4040,422.0129184704274,132382720,6.91771039681912e-05,1.9996410608291626,,
4060,424.0719742309302,133038080,6.890576474687264e-05,1.9979360103607178,,
4080,426.1286344844848,133693440,6.863386540337773e-05,1.9780781269073486,,
4100,428.1859174836427,134348800,6.836141688977238e-05,1.9997138977050781,,
4120,430.24273769557476,135004160,6.808843018024297e-05,1.9424679279327393,,
4140,432.30033138021827,135659520,6.781491627065436e-05,1.9647467136383057,,
4160,434.35905013233423,136314880,6.754088617810694e-05,1.9713187217712402,,
4180,436.41477196477354,136970240,6.726635094049291e-05,1.9202054738998413,,
4200,438.47464391589165,137625600,6.699132161605159e-05,1.9794044494628906,,
4200,438.7779155932367,137625600,6.699132161605159e-05,,1.9530303478240967,7.050019253575723
4220,440.8353594765067,138280960,6.671580928292405e-05,1.9054898023605347,,
4240,442.89211875759065,138936320,6.643982503870691e-05,1.9321460723876953,,
4260,444.9501709192991,139591680,6.616338000000531e-05,1.966697335243225,,
4280,447.0066464897245,140247040,6.588648530198505e-05,1.9992908239364624,,
4300,449.0627393759787,140902400,6.560915209792424e-05,1.943566083908081,,
4320,451.1218202486634,141557760,6.533139155876386e-05,2.0449321269989014,,
4340,453.17826895974576,142213120,6.505321487265794e-05,1.9330776929855347,,
4360,455.2380723692477,142868480,6.477463324452287e-05,1.9604549407958984,,
4380,457.2973696645349,143523840,6.449565789558595e-05,1.9253720045089722,,
4400,459.3550426531583,144179200,6.421630006293359e-05,1.9461135864257812,,
4400,459.65717133693397,144179200,6.421630006293359e-05,,1.9297318935394288,6.887663366965924
4420,461.714561028406,144834560,6.393657099905855e-05,1.9774856567382812,,
4440,463.77176887728274,145489920,6.365648197140674e-05,1.9509844779968262,,
4460,465.8295283857733,146145280,6.337604426192336e-05,1.92741858959198,,
4480,467.8867538943887,146800640,6.309526916659844e-05,1.8779613971710205,,
4500,469.9442574027926,147456000,6.281416799501188e-05,1.9424208402633667,,
4520,472.00438278727233,148111360,6.25327520698779e-05,1.8924896717071533,,
4540,474.06439467705786,148766720,6.225103272658888e-05,1.9300496578216553,,
4560,476.1231316551566,149422080,6.196902131275896e-05,1.8852063417434692,,
4580,478.17906816489995,150077440,6.168672918776675e-05,1.858734369277954,,
4600,480.23451291397214,150732800,6.140416772229784e-05,1.9496493339538574,,
4600,480.53811475262046,150732800,6.140416772229784e-05,,1.930554175376892,6.8933292966314195
4620,482.5942939892411,151388160,6.11213482978869e-05,1.9353911876678467,,
4640,484.6525854039937,152043520,6.083828230645909e-05,1.8972340822219849,,
4660,486.7099027764052,152698880,6.0554981149871265e-05,1.9158523082733154,,
4680,488.76841649226844,153354240,6.027145623945272e-05,1.8818268775939941,,
4700,490.8266027569771,154009600,5.99877189955455e-05,1.9466710090637207,,
4720,492.8891394548118,154664960,5.9703780847044414e-05,1.873669147491455,,
4740,494.946736484766,155320320,5.9419653230936677e-05,1.9840093851089478,,
4760,497.0057063046843,155975680,5.913534759184123e-05,1.875563383102417,,
4780,499.0651420839131,156631040,5.8850875381547794e-05,1.9352682828903198,,
4800,501.1237725596875,157286400,5.856624805855549e-05,1.9359707832336426,,
4800,501.42632129229605,157286400,5.856624805855549e-05,,1.9209448456764222,6.827406268017209
4820,503.4848945196718,157941760,5.8281477087611394e-05,1.9149361848831177,,
4840,505.5434756260365,158597120,5.799657393924867e-05,1.8989675045013428,,
4860,507.6046561188996,159252480,5.771155008932464e-05,1.9085521697998047,,
4880,509.6641717851162,159907840,5.742641701855837e-05,1.9435539245605469,,
4900,511.7226626817137,160563200,5.7141186212068416e-05,1.900000810623169,,
4920,513.7831805888563,161218560,5.6855869158910036e-05,1.8975484371185303,,
4940,515.8415663223714,161873920,5.657047735161255e-05,1.8595267534255981,,
4960,517.9016339555383,162529280,5.628502228571633e-05,1.9199755191802979,,
4980,519.9611571133137,163184640,5.5999515459309815e-05,1.8914434909820557,,
5000,522.0183978751302,163840000,5.571396837256636e-05,1.9929838180541992,,
5000,522.3220291882753,163840000,5.571396837256636e-05,,1.9084329009056091,6.74251432697723
5020,524.3801180198789,164495360,5.5428392527280955e-05,1.8743562698364258,,
5040,526.4377260599285,165150720,5.5142799426407005e-05,1.9133861064910889,,
5060,528.4947601445019,165806080,5.4857200573593e-05,1.9016168117523193,,
5080,530.5525973048061,166461440,5.457160747271906e-05,1.8407764434814453,,
5100,532.6113946698606,167116800,5.428603162743365e-05,1.9006857872009277,,
5120,534.6694901287556,167772160,5.4000484540690175e-05,1.9236700534820557,,
5140,536.7277343887836,168427520,5.371497771428367e-05,1.966343879699707,,
5160,538.7866403330117,169082880,5.342952264838746e-05,1.8580503463745117,,
5180,540.8437130842358,169738240,5.314413084108998e-05,1.940481185913086,,
5200,542.9023326802999,170393600,5.28588137879316e-05,1.871778964996338,,
5200,543.2044286523014,170393600,5.28588137879316e-05,,1.895808470249176,6.657928966818374
5220,545.2626669928432,171048960,5.257358298144164e-05,1.8661587238311768,,
5240,547.3203641176224,171704320,5.2288449910675384e-05,1.8718801736831665,,
5260,549.3787264376879,172359680,5.2003426060751326e-05,1.8844820261001587,,
5280,551.436966650188,173015040,5.1718522912388623e-05,1.883408546447754,,
5300,553.4971597809345,173670400,5.143375194144452e-05,1.8950436115264893,,
5320,555.5557618755847,174325760,5.1149124618452216e-05,1.9134464263916016,,
5340,557.6128651741892,174981120,5.086465240815877e-05,1.851863145828247,,
5360,559.6704482156783,175636480,5.058034676906334e-05,1.804995059967041,,
5380,561.7284826580435,176291840,5.0296219152955604e-05,1.8885571956634521,,
5400,563.7852756809443,176947200,5.001228100445451e-05,1.8587865829467773,,
5400,564.0890755075961,176947200,5.001228100445451e-05,,1.874776875972748,6.519364331212241
5420,566.1468889936805,177602560,4.972854376054728e-05,1.8501907587051392,,
5440,568.2072570361197,178257920,4.944501885012874e-05,1.8644323348999023,,
5460,570.268113963306,178913280,4.916171769354093e-05,1.8463501930236816,,
5480,572.3259606864303,179568640,4.887865170211312e-05,1.859045147895813,,
5500,574.3831517677754,180224000,4.8595832277702165e-05,1.887892246246338,,
5520,576.4401252381504,180879360,4.831327081223327e-05,1.9102586507797241,,
5540,578.498258491978,181534720,4.803097868724105e-05,1.8550684452056885,,
5560,580.5554118361324,182190080,4.7748967273411125e-05,1.8721444606781006,,
5580,582.6129567008466,182845440,4.7467247930122136e-05,1.841688632965088,,
5600,584.6738231126219,183500800,4.718583200498815e-05,1.8506273031234741,,
5600,584.9772117473185,183500800,4.718583200498815e-05,,1.8772019028663636,6.535193149943151
5620,587.0379050672054,184156160,4.690473083340158e-05,1.8740594387054443,,
5640,589.0972737241536,184811520,4.6623955738076656e-05,1.8930946588516235,,
5660,591.1544639002532,185466880,4.6343518028593275e-05,1.8739992380142212,,
5680,593.2115210238844,186122240,4.6063429000941456e-05,1.8241722583770752,,
5700,595.2702668830752,186777600,4.578369993706643e-05,1.9450616836547852,,
5720,597.3266771063209,187432960,4.5504342104414055e-05,1.883034586906433,,
5740,599.3840537928045,188088320,4.522536675547715e-05,1.9181522130966187,,
5760,601.4419092889875,188743680,4.4946785127342066e-05,1.8884027004241943,,
5780,603.503596669063,189399040,4.466860844123616e-05,1.8835045099258423,,
5800,605.5677037816495,190054400,4.439084790207579e-05,1.8858749866485596,,
5800,605.8703015372157,190054400,4.439084790207579e-05,,1.8711619973182678,6.495840164371385
5820,607.9307681266218,190709760,4.411351469801495e-05,1.8849599361419678,,
5840,609.9884137399495,191365120,4.383661999999471e-05,1.8522597551345825,,
5860,612.0515938438475,192020480,4.356017496129309e-05,1.8945523500442505,,
5880,614.1117292288691,192675840,4.3284190717075956e-05,1.8869198560714722,,
5900,616.1704817805439,193331200,4.3008678383948434e-05,1.894002914428711,,
5920,618.2293230015785,193986560,4.2733649059507115e-05,1.9292256832122803,,
5940,620.2890293765813,194641920,4.245911382189306e-05,1.8102275133132935,,
5960,622.3483453765512,195297280,4.218508372934566e-05,1.8161287307739258,,
5980,624.4072496891022,195952640,4.1911569819757045e-05,1.834995150566101,,
6000,626.4672707282007,196608000,4.1638583110227635e-05,1.8849421739578247,,
6000,626.771319495514,196608000,4.1638583110227635e-05,,1.869476044178009,6.484897709073017
6020,628.8307511080056,197263360,4.1366134596622276e-05,1.8266195058822632,,
6040,630.8908931557089,197918720,4.109423525312736e-05,1.9502496719360352,,
6060,632.9511464200914,198574080,4.0822896031808826e-05,1.8234668970108032,,
6080,635.0097023490816,199229440,4.055212786217091e-05,1.807570457458496,,
6100,637.06862125732,199884800,4.028194165071604e-05,1.798492431640625,,
6120,639.1276329550892,200540160,4.001234828050537e-05,1.8167977333068848,,
6140,641.1884214244783,201195520,3.974335861072058e-05,1.8462803363800049,,
6160,643.2483635023236,201850880,3.9474983476226315e-05,1.829790472984314,,
6180,645.3090013433248,202506240,3.92072336871339e-05,1.8812605142593384,,
6200,647.3712467290461,203161600,3.894012002836577e-05,1.8365137577056885,,
6200,647.6743285972625,203161600,3.894012002836577e-05,,1.8598256587982178,6.42261694705907
6220,649.7342484742403,203816960,3.8673653259221166e-05,1.8720355033874512,,
6240,651.7938457466662,204472320,3.8407844112942684e-05,1.943408489227295,,
6260,653.8553620297462,205127680,3.814270329628396e-05,1.8620179891586304,,
6280,655.914025504142,205783040,3.7878241489078455e-05,1.8405475616455078,,
6300,657.9737574402243,206438400,3.761446934380921e-05,1.8929014205932617,,
6320,660.0342474523932,207093760,3.7351397485179755e-05,1.8039507865905762,,
6340,662.0979291852564,207749120,3.7089036509686215e-05,1.8698830604553223,,
6360,664.1577451806515,208404480,3.6827396985190406e-05,1.8472461700439453,,
6380,666.2194950412959,209059840,3.656648945049421e-05,1.8672616481781006,,
6400,668.2793330997229,209715200,3.630632441491512e-05,1.860046625137329,,
6400,668.5835185348988,209715200,3.630632441491512e-05,,1.8320084810256958,6.246419883753986
6420,670.643461683765,210370560,3.60469123578628e-05,1.857834815979004,,
6440,672.7023486122489,211025920,3.5788263728417126e-05,1.8511526584625244,,
6460,674.7611000519246,211681280,3.553038894490714e-05,1.7933084964752197,,
6480,676.8195952232927,212336640,3.5273298394491515e-05,1.8033828735351562,,
6500,678.8788149077445,212992000,3.501700243274017e-05,1.8185343742370605,,
6520,680.9362467098981,213647360,3.476151138321705e-05,1.8655078411102295,,
6540,682.9930602647364,214302720,3.450683553706438e-05,1.8822094202041626,,
6560,685.0550275668502,214958080,3.4252985152588104e-05,1.8437848091125488,,
6580,687.1214274689555,215613440,3.39999704548447e-05,1.8154813051223755,,
6600,689.1821612082422,216268800,3.374780163522929e-05,1.8792922496795654,,
6600,689.4852371122688,216268800,3.374780163522929e-05,,1.8600371718406676,6.423975557986933
6620,691.5443258006126,216924160,3.349648885106517e-05,1.8577752113342285,,
6640,693.6014286726713,217579520,3.324604222519463e-05,1.8126537799835205,,
6660,695.6590137369931,218234880,3.299647184557126e-05,1.8923099040985107,,
6680,697.7172548081726,218890240,3.274778776485355e-05,1.8007111549377441,,
6700,699.7744699530303,219545600,3.249999999999999e-05,1.8320344686508179,,
6720,701.835641771555,220200960,3.225311853186566e-05,1.8145506381988525,,
6740,703.8944551888853,220856320,3.200715330480008e-05,1.8290822505950928,,
6760,705.9555110540241,221511680,3.176211422624672e-05,1.8219704627990723,,
6780,708.0119698252529,222167040,3.1518011166343944e-05,1.8670285940170288,,
6800,710.0676491949707,222822400,3.127485395752739e-05,1.876434087753296,,
6800,710.3699949979782,222822400,3.127485395752739e-05,,1.8235952973365783,6.194088053201675
6820,712.4287043195218,223477760,3.1032652394134006e-05,1.8018910884857178,,
6840,714.4869867879897,224133120,3.079141623200744e-05,1.9076783657073975,,
6860,716.546174660325,224788480,3.055115518810512e-05,1.8792091608047485,,
6880,718.6034604292363,225443840,3.031187894010687e-05,1.8776664733886719,,
6900,720.6615972202271,226099200,3.007359712602504e-05,1.8924951553344727,,
6920,722.7226441651583,226754560,2.9836319343816402e-05,1.852832555770874,,
6940,724.7825661078095,227409920,2.9600055150995385e-05,1.8095682859420776,,
6960,726.8418014775962,228065280,2.9364814064249257e-05,1.8613147735595703,,
6980,728.900437604636,228720640,2.9130605559054677e-05,1.7986477613449097,,
7000,730.9559572935104,229376000,2.889743906929609e-05,1.8309481143951416,,
7000,731.2597347199917,229376000,2.889743906929609e-05,,1.8418474078178406,6.3081812864321005
7020,733.3151746168733,230031360,2.8665323986885677e-05,1.7835780382156372,,
7040,735.3710009399801,230686720,2.8434269661385153e-05,1.7836298942565918,,
7060,737.4264516811818,231342080,2.8204285399629043e-05,1.7976126670837402,,
7080,739.485990813002,231997440,2.7975380465349867e-05,1.8562660217285156,,
7100,741.5432477891445,232652800,2.774756407880501e-05,1.8140696287155151,,
7120,743.6026127804071,233308160,2.75208454164053e-05,1.7828938961029053,,
7140,745.6667449194938,233963520,2.7295233610345378e-05,1.8175358772277832,,
7160,747.7207705266774,234618880,2.707073774823594e-05,1.8635315895080566,,
7180,749.7786105163395,235274240,2.6847366872737548e-05,1.831260323524475,,
7200,751.8360465206206,235929600,2.662512998119649e-05,1.8205353021621704,,
7200,752.1396579481661,235929600,2.662512998119649e-05,,1.8200984716415405,6.17246623284067
7220,754.2031380422413,236584960,2.6404036025282373e-05,1.8104959726333618,,
7240,756.2579894736409,237240320,2.6184093910627483e-05,1.8201289176940918,,
7260,758.3126376010478,237895680,2.5965312496468155e-05,1.8188273906707764,,
7280,760.367698168382,238551040,2.574770059528784e-05,1.8149340152740479,,
7300,762.4226727727801,239206400,2.553126697246218e-05,1.837630033493042,,
7320,764.4744194969535,239861760,2.5316020345905936e-05,1.8420405387878418,,
7340,766.5294834449887,240517120,2.5101969385721856e-05,1.8137539625167847,,
7360,768.5892707295716,241172480,2.488912271385138e-05,1.833242654800415,,
7380,770.6475520245731,241827840,2.4677488903727447e-05,1.8471438884735107,,
7400,772.7030059397221,242483200,2.446707647992906e-05,1.7968734502792358,,
7400,773.0066177360713,242483200,2.446707647992906e-05,,1.8175393700599671,6.156690459255195
7420,775.0619784072042,243138560,2.425789391783796e-05,1.8299981355667114,,
7440,777.1220962386578,243793920,2.4049949643297253e-05,1.7680730819702148,,
7460,779.1778250783682,244449280,2.384325203227198e-05,1.8125181198120117,,
7480,781.2394969481975,245104640,2.36378094105118e-05,1.839651346206665,,
7500,783.2980001792312,245760000,2.3433630053215554e-05,1.793985366821289,,
7520,785.3578413110226,246415360,2.323072218469796e-05,1.8216958045959473,,
7540,787.4224673565477,247070720,2.302909397805841e-05,1.7455029487609863,,
7560,789.4821759238839,247726080,2.2828753554851648e-05,1.8318760395050049,,
7580,791.5414979606867,248381440,2.2629708984760697e-05,1.8948659896850586,,
7600,793.6080840043724,249036800,2.2431968285271844e-05,1.7824411392211914,,
7600,793.9130137600005,249036800,2.2431968285271844e-05,,1.8142101168632507,6.136227360182482
7620,795.974182927981,249692160,2.2235539421351614e-05,1.8361502885818481,,
7640,798.0341670457274,250347520,2.2040430305126017e-05,1.7579578161239624,,
7660,800.0988784395158,251002880,2.184664879556179e-05,1.8218019008636475,,
7680,802.1588833518326,251658240,2.1654202698149877e-05,1.7589854001998901,,
7700,804.2192411143333,252313600,2.146309976459104e-05,1.8584831953048706,,
7720,806.2814672309905,252968960,2.1273347692483577e-05,1.8829188346862793,,
7740,808.3438060004264,253624320,2.108495412501327e-05,1.8367931842803955,,
7760,810.4010715279728,254279680,2.089792665064556e-05,1.8080329895019531,,
7780,812.4576245676726,254935040,2.0712272802819818e-05,1.8502602577209473,,
7800,814.513384476304,255590400,2.0528000059645997e-05,1.8478856086730957,,
7800,814.8162451516837,255590400,2.0528000059645997e-05,,1.7960527539253235,6.02581508428418
7820,816.8715713005513,256245760,2.0345115843603294e-05,1.791280746459961,,
7840,818.9275925159454,256901120,2.016362752124129e-05,1.8156819343566895,,
7860,820.9838901944458,257556480,1.9983542402883138e-05,1.852980136871338,,
7880,823.0388731136918,258211840,1.980486774233114e-05,1.8182201385498047,,
7900,825.0945685002953,258867200,1.9627610736574564e-05,1.8329044580459595,,
7920,827.1498408317566,259522560,1.945177852549977e-05,1.8071262836456299,,
7940,829.2027812600136,260177920,1.9277378191602586e-05,1.8732460737228394,,
7960,831.2588656879961,260833280,1.9104416759703014e-05,1.8229366540908813,,
7980,833.3116459641606,261488640,1.8932901196662323e-05,1.7707111835479736,,
8000,835.366149680689,262144000,1.8762838411102365e-05,1.7724363803863525,,
8000,835.669798521325,262144000,1.8762838411102365e-05,,1.8021329164505004,6.062564627727546
8020,837.7287723291665,262799360,1.859423525312737e-05,1.7864816188812256,,
8040,839.7861174680293,263454720,1.8427098514047944e-05,1.770287036895752,,
8060,841.8422796875238,264110080,1.8261434926107573e-05,1.823838710784912,,
8080,843.8960481509566,264765440,1.8097251162211403e-05,1.842724323272705,,
8100,845.9502521585673,265420800,1.7934553835657533e-05,1.7620389461517334,,
8120,848.0057310480624,266076160,1.7773349499870526e-05,1.8193483352661133,,
8140,850.0597506370395,266731520,1.761364464813754e-05,1.7294642925262451,,
8160,852.1195106618106,267386880,1.7455445713346715e-05,1.819541335105896,,
8180,854.1889523603022,268042240,1.7298759067728072e-05,1.8186008930206299,,
8200,856.2465065680444,268697600,1.7143591022596852e-05,1.8276944160461426,,
8200,856.5488243531436,268697600,1.7143591022596852e-05,,1.8008736848831177,6.054935259547773
8220,858.6064743958414,269352960,1.6989947828099277e-05,1.7878947257995605,,
8240,860.6638617683202,270008320,1.683783567296083e-05,1.8742746114730835,,
8260,862.7204082012177,270663680,1.668726068423694e-05,1.7795965671539307,,
8280,864.7747760117054,271319040,1.6538228927066197e-05,1.818170189857483,,
8300,866.8309822119772,271974400,1.6390746404426043e-05,1.818589210510254,,
8320,868.8906650356948,272629760,1.6244819056890984e-05,1.8187696933746338,,
8340,870.9485292732716,273285120,1.6100452762393303e-05,1.8116919994354248,,
8360,873.0000594202429,273940480,1.5957653335986294e-05,1.7591969966888428,,
8380,875.0515749212354,274595840,1.5816426529610025e-05,1.8160207271575928,,
8400,877.1077980622649,275251200,1.567677803185968e-05,1.8501272201538086,,
8400,877.4115641731769,275251200,1.567677803185968e-05,,1.816889715194702,6.152692034283156
8420,879.4645761437714,275906560,1.553871346775637e-05,1.7655961513519287,,
8440,881.5164725910872,276561920,1.5402238398520603e-05,1.7711334228515625,,
8460,883.5676503572613,277217280,1.526735832134829e-05,1.85770583152771,,
8480,885.6207856982946,277872640,1.513407866918925e-05,1.737620234489441,,
8500,887.6721622366458,278528000,1.500240481052845e-05,1.810903787612915,,
8520,889.7254248410463,279183360,1.4872342049169708e-05,1.844346523284912,,
8540,891.7790371887386,279838720,1.4743895624022094e-05,1.813844919204712,,
8560,893.8341662082821,280494080,1.461707070888887e-05,1.7837908267974854,,
8580,895.8852216601372,281149440,1.4491872412259151e-05,1.7296814918518066,,
8600,897.9375896751881,281804800,1.4368305777102052e-05,1.7422633171081543,,
8600,898.2405926808715,281804800,1.4368305777102052e-05,,1.8091035604476928,6.104972239926191
8620,900.2907432429492,282460160,1.4246375780663621e-05,1.8280158042907715,,
8640,902.349340884015,283115520,1.4126087334266328e-05,1.817455768585205,,
8660,904.4100542068481,283770880,1.4007445283111271e-05,1.8253419399261475,,
8680,906.4636768084019,284426240,1.3890454406082956e-05,1.8371713161468506,,
8700,908.5178052298725,285081600,1.377511941555687e-05,1.7576159238815308,,
8720,910.5706885363907,285736960,1.3661444957209597e-05,1.8713576793670654,,
8740,912.6226028408855,286392320,1.354943560983175e-05,1.8110854625701904,,
8760,914.6750419456512,287047680,1.3439095885143509e-05,1.7881982326507568,,
8780,916.7276874240488,287703040,1.3330430227612883e-05,1.7498302459716797,,
8800,918.7819148376584,288358400,1.3223443014276736e-05,1.7743701934814453,,
8800,919.0841141771525,288358400,1.3223443014276736e-05,,1.7991546988487244,6.044535851177111
8820,921.1481115762144,289013760,1.3118138554564407e-05,1.8309783935546875,,
8840,923.2090310547501,289669120,1.3014521090124176e-05,1.7682018280029297,,
8860,925.2602919526398,290324480,1.2912594794652414e-05,1.7578110694885254,,
8880,927.3142341263592,290979840,1.281236377372542e-05,1.790114164352417,,
8900,929.3674120046198,291635200,1.2713832064634127e-05,1.8256518840789795,,
8920,931.421419840306,292290560,1.2617003636221393e-05,1.7702491283416748,,
8940,933.4750764630735,292945920,1.2521882388722204e-05,1.809018611907959,,
8960,935.5331515725702,293601280,1.2428472153606526e-05,1.8693253993988037,,
8980,937.5906309075654,294256640,1.2336776693425021e-05,1.7653789520263672,,
9000,939.6442356929183,294912000,1.2246799701657457e-05,1.836021900177002,,
9000,939.9467371441424,294912000,1.2246799701657457e-05,,1.7885329127311707,5.98067185945565
9020,941.9993409719318,295567360,1.2158544802563937e-05,1.8146699666976929,,
9040,944.0521751288325,296222720,1.2072015551038932e-05,1.8066883087158203,,
9060,946.1056945566088,296878080,1.1987215432468074e-05,1.8413376808166504,,
9080,948.160571699962,297533440,1.1904147862587767e-05,1.8113389015197754,,
9100,950.2159068640321,298188800,1.182281618734762e-05,1.8379030227661133,,
9120,952.2697647493333,298844160,1.174322368277565e-05,1.8058576583862305,,
9140,954.3234733641148,299499520,1.1665373554846348e-05,1.8754853010177612,,
9160,956.3769794609398,300154880,1.1589268939351499e-05,1.7949763536453247,,
9180,958.4348380155861,300810240,1.1514912901773922e-05,1.8066935539245605,,
9200,960.4895591046661,301465600,1.144230843716397e-05,1.7978076934814453,,
9200,960.7926952764392,301465600,1.144230843716397e-05,,1.7977828502655029,6.036249348446536
9220,962.8512784596533,302120960,1.1371458470018894e-05,1.7998695373535156,,
9240,964.9113277606666,302776320,1.130236585416504e-05,1.7932157516479492,,
9260,966.9701419062912,303431680,1.1235033372642887e-05,1.8329918384552002,,
9280,969.0295615885407,304087040,1.1169463737594995e-05,1.81044602394104,,
9300,971.0844039116055,304742400,1.1105659590156683e-05,1.7450611591339111,,
9320,973.143676135689,305397760,1.1043623500349714e-05,1.7950091361999512,,
9340,975.2040255703032,306053120,1.0983357966978745e-05,1.7386939525604248,,
9360,977.2630891185254,306708480,1.0924865417530667e-05,1.746793270111084,,
9380,979.3222917299718,307363840,1.0868148208076843e-05,1.7583949565887451,,
9400,981.3831615876406,308019200,1.0813208623178204e-05,1.7876060009002686,,
9400,981.6868912577629,308019200,1.0813208623178204e-05,,1.7752403974533082,5.901699719383036
9420,983.7466508336365,308674560,1.0760048875793206e-05,1.7510706186294556,,
9440,985.8069533761591,309329920,1.0708671107188733e-05,1.8250999450683594,,
9460,987.86618745327,309985280,1.0659077386853816e-05,1.841313123703003,,
9480,989.9258162789047,310640640,1.0611269712416272e-05,1.836289405822754,,
9500,991.9870221801102,311296000,1.0565250009562258e-05,1.7909135818481445,,
9520,994.0470745079219,311951360,1.0521020131958691e-05,1.8080042600631714,,
9540,996.1064781118184,312606720,1.0478581861178599e-05,1.8254801034927368,,
9560,998.1657283268869,313262080,1.0437936906629334e-05,1.7633602619171143,,
9580,1000.2261677347124,313917440,1.0399086905483747e-05,1.7193379402160645,,
9600,1002.2851742636412,314572800,1.0362033422614211e-05,1.7808938026428223,,
9600,1002.5894209947437,314572800,1.0362033422614211e-05,,1.7881521701812744,5.978395196640494
9620,1004.6487190909684,315228160,1.0326777950529619e-05,1.758335828781128,,
9640,1006.7070692051202,315883520,1.029332190931524e-05,1.7589609622955322,,
9660,1008.76626136899,316538880,1.0261666646575544e-05,1.7715981006622314,,
9680,1010.8263395670801,317194240,1.0231813437379889e-05,1.8271864652633667,,
9700,1012.8853553235531,317849600,1.0203763484211195e-05,1.7685432434082031,,
9720,1014.9438833408058,318504960,1.0177517916917484e-05,1.8211381435394287,,
9740,1017.0038642715663,319160320,1.0153077792666378e-05,1.8690659999847412,,
9760,1019.0635161567479,319815680,1.0130444095902514e-05,1.847994089126587,,
9780,1021.1233000904322,320471040,1.0109617738307912e-05,1.781977653503418,,
9800,1023.1822280343622,321126400,1.0090599558765206e-05,1.7983131408691406,,
9800,1023.4848360884935,321126400,1.0090599558765206e-05,,1.7783329963684082,5.919979561072447
9820,1025.5436764732003,321781760,1.0073390323323897e-05,1.8203387260437012,,
9840,1027.6022576820105,322437120,1.0057990725169482e-05,1.8239753246307373,,
9860,1029.6621030941606,323092480,1.0044401384595526e-05,1.767195224761963,,
9880,1031.7226765658706,323747840,1.0032622848978688e-05,1.8574802875518799,,
9900,1033.7830352876335,324403200,1.0022655592756672e-05,1.7975125312805176,,
9920,1035.8416657410562,325058560,1.001450001740909e-05,1.7972357273101807,,
9940,1037.9013027902693,325713920,1.000815645144134e-05,1.7972790002822876,,
9960,1039.9625485930592,326369280,1.000362515037133e-05,1.813242793083191,,
9980,1042.0227566529065,327024640,1.0000906296719208e-05,1.8002463579177856,,
10000,1044.0817014724016,327680000,1e-05,1.7810513973236084,,
10000,1044.384907323867,327680000,1e-05,,1.7983496904373169,6.039671906994518
